Model,R2,MAE
1. Linear Regression,0.2986753699552228,179035946.9750269
2. Random Forest,0.38995101811506794,160339388.7243703
3. XGBoost (Gradient Boost),0.37595943399409004,161019308.92812505
